{"cameraMode":{"drawMode":0,"name":"Shaded","section":"Shading Mode"},"sceneLighting":true,"audioPlay":false,"sceneViewState":{"showFog":true,"showMaterialUpdate":false,"showSkybox":true,"showFlares":true,"showImageEffects":true,"showParticleSystems":true},"in2DMode":false,"pivot":{"x":-0.052041664719581607,"y":-0.015960201621055604,"z":0.1894533634185791},"rotation":{"x":-0.20299527049064637,"y":0.25426021218299868,"z":-0.05467480421066284,"w":-0.944010317325592},"size":0.6464401483535767,"orthographic":false}